<?xml version="1.0" encoding="UTF-8"?><metadata xmlns:xsi="http://www.w3.org/2001/XMLSchema-instance" xsi:noNamespaceSchemaLocation="http://www.conabio.gob.mx/informacion/gis/schemas/fgdc/fgdc-std-001-1998.xsd"><idinfo><citation><citeinfo><origin>CONABIO, (29/02/2016). &apos;Distribuci&#x00F3;n de los manglares de M&#x00E9;xico en 2015.&apos;, escala: 1:50000. edici&#x00F3;n: 1. Comisi&#x00F3;n Nacional para el Conocimiento y Uso de la Biodiversidad. Sistema de Monitoreo de los Manglares de M&#x00E9;xico (SMMM). Ciudad de M&#x00E9;xico, M&#x00E9;xico. </origin><pubdate>20160229</pubdate><title>Distribuci&#x00F3;n de los manglares de M&#x00E9;xico en 2015.</title><geoform>Shapefile. Formato vectorial compuesto por 4 archivos (shp, shx, dbf,prj)</geoform><othercit>50000</othercit><onlink>http://www.conabio.gob.mx/informacion/metadata/gis/mx_man15gw.xml?_httpcache=yes&amp;_xsl=/db/metadata/xsl/fgdc_html.xsl&amp;_indent=no</onlink></citeinfo></citation><descript><abstract>El mapa representa la distribuci&#x00F3;n y extensi&#x00F3;n de la cobertura de los manglares en M&#x00E9;xico para el a&#x00F1;o 2015, obtenido a partir de un m&#x00E9;todo de clasificaci&#x00F3;n interdependiente, basado en el mapa de uso del suelo y vegetaci&#x00F3;n de la zona costera asociada a los manglares de M&#x00E9;xico. Se utilizaron en total 198 im&#x00E1;genes satelit&#x00E1;les, principalmente SPOT 5; por falta de disponibilidad completa para el a&#x00F1;o 2015 de este tipo de im&#x00E1;genes, fue necesario tambi&#x00E9;n usar del &#x00FA;ltimo trimestre de 2014 (125 en total para este a&#x00F1;o), algunas SPOT 6, SPOT 7 y RapidEye.</abstract><purpose>Estimar la distribuci&#x00F3;n en el a&#x00F1;o de 2015 de los manglares de M&#x00E9;xico, mediante el an&#x00E1;lisis de im&#x00E1;genes de sat&#x00E9;lite a trav&#x00E9;s del m&#x00E9;todo interdependiente.</purpose><supplinf> Referencias en la web: http://www.biodiversidad.gob.mx/ecosistemas/manglares2013/manglares.html; http://www.biodiversidad.gob.mx/ecosistemas/manglares2013/pdf/InfGQ004.pdf</supplinf></descript><timeperd><timeinfo><sngdate><caldate>00000000</caldate></sngdate></timeinfo><current>De Enero 2015 a Febrero 2016</current></timeperd><status><progress>Complete</progress><update>Irregularmente</update></status><spdom><bounding><westbc>-113.695838928223</westbc><eastbc>-86.7251434326172</eastbc><northbc>29.34716796875</northbc><southbc>14.5344181060791</southbc></bounding></spdom><keywords><theme><themekt>CNB.ACCESO</themekt><themekey>publico</themekey></theme><theme><themekt>CNB.LICENCIA</themekt><themekey>CC_BY_NC_2.5_MX</themekey></theme><theme><themekt>CNB.VISIBILIDAD</themekt><themekey>0</themekey><themekey>10</themekey></theme><theme><themekt>ESTRUCTURA</themekt><themekey>biodiv</themekey><themekey>monmang</themekey><themekey>mx_man15gw</themekey></theme><theme><themekt>CNB.ESCALA</themekt><themekey>50000</themekey></theme><theme><themekt>CONABIO</themekt><themekey>2015</themekey><themekey>Biodiversidad</themekey><themekey>Distribuci&#x00F3;n</themekey><themekey>Manglar</themekey><themekey>Manglares</themekey><themekey>Monitoreo</themekey></theme><place><placekt>CONABIO</placekt><placekey>Baja California</placekey><placekey>Baja California Sur</placekey><placekey>Campeche</placekey><placekey>Colima</placekey><placekey>Chiapas</placekey><placekey>Guerrero</placekey><placekey>Jalisco</placekey><placekey>Litoral</placekey><placekey>M&#x00E9;xico</placekey><placekey>Michoac&#x00E1;n</placekey><placekey>Nayarit</placekey><placekey>Oaxaca</placekey><placekey>Quintana Roo</placekey><placekey>Rep&#x00FA;blica Mexicana</placekey><placekey>Sinaloa</placekey><placekey>Sonora</placekey><placekey>Tabasco</placekey><placekey>Tamaulipas</placekey><placekey>Veracruz</placekey><placekey>Yucat&#x00E1;n</placekey><placekey>Zona costera</placekey></place></keywords><accconst>Sin restricciones</accconst><useconst>No se permite utilizar estos datos con fines lucrativos y se debe citar la fuente del mapa y a CONABIO. Ver la licencia completa en http://creativecommons.org/licenses/by-nc/2.5/mx/</useconst><browse><browsen>http://www.conabio.gob.mx/informacion/gis/layouts/mx_man15gw.png</browsen><browsed>Mapa ilustrativo de Distribuci&#x00F3;n de los manglares de M&#x00E9;xico en 2015. La proyecci&#x00F3;n citada, es exclusiva para el dise&#x00F1;o de esta imagen.</browsed><browset>png</browset></browse><native>SIG ARC-GIS V10.2 y Erdas Imagine V2015, Windows</native></idinfo><dataqual><logic>Campo y Gabinete</logic><complete>Este es un resultado de la uni&#x00F3;n de los mapas regionales de uso de suelo y vegetaci&#x00F3;n asociado a manglares: Regi&#x00F3;n Pac&#x00ED;fico Norte, Regi&#x00F3;n Pac&#x00ED;fico Centro, Regi&#x00F3;n Pac&#x00ED;fico Sur, Golfo de M&#x00E9;xico y Pen&#x00ED;nsula de Yucat&#x00E1;n. Antes de generar los mapas regionales se generaron los mapas estatales, para los cuales se obtuvieron y se corrigieron radiom&#x00E9;trica y geom&#x00E9;tricamente las im&#x00E1;genes de sat&#x00E9;lite SPOT 5. Por falta de disponibilidad de im&#x00E1;genes SPOT 5 2015, fue necesario tambi&#x00E9;n utilizar im&#x00E1;genes del a&#x00F1;o 2014, principalmente del &#x00FA;ltimo trimestre, as&#x00ED; como im&#x00E1;genes SPOT 6, SPOT 7 y en algunos casos RapidEye. A las im&#x00E1;genes satelitales se les sobrepusieron los archivos raster de 2010 de los mapas de uso del suelo y vegetaci&#x00F3;n de la zona costera asociada a los manglares de cada uno de los estados que conforman las cinco regiones y que se manejan de forma interna en la Subcoordinaci&#x00F3;n de Percepci&#x00F3;n Remota de la CONABIO; se detectaron los cambios ocurridos entre el raster 2010 y las im&#x00E1;genes de sat&#x00E9;lite m&#x00E1;s recientes, mediante interpretaci&#x00F3;n visual basada en el m&#x00E9;todo interdependiente. A partir del mapa de uso del suelo y vegetaci&#x00F3;n de la zona costera asociada a los manglares de M&#x00E9;xico en 2015 se extrajo s&#x00F3;lo la cobertura de manglares para generar este mapa.</complete><lineage><srcinfo><srccite><citeinfo><origin>No conocido</origin><pubdate>00000000</pubdate><title>No conocido</title><geoform>No conocido</geoform></citeinfo></srccite><srcscale>9999999</srcscale><typesrc>Imagen de Sat&#x00E9;lite</typesrc><srctime><timeinfo><sngdate><caldate>00000000</caldate></sngdate></timeinfo><srccurr>No conocido</srccurr></srctime><srccitea>No conocido</srccitea><srccontr>SIAP, (2015), &apos;Spot 5: (c)CNES2014-2015. 2015, producida por el SIAP bajo licencia de SPOT IMAGINE&apos;, 0, Servicio de Informaci&#x00F3;n Agroalimentaria y Pesquera, Resoluci&#x00F3;n espacial de 10 metros, tambien se utilizaron del a&#x00F1;o 2014, </srccontr></srcinfo><srcinfo><srccite><citeinfo><origin>No conocido</origin><pubdate>00000000</pubdate><title>No conocido</title><geoform>No conocido</geoform></citeinfo></srccite><srcscale>9999999</srcscale><typesrc>Imagen de Sat&#x00E9;lite</typesrc><srctime><timeinfo><sngdate><caldate>00000000</caldate></sngdate></timeinfo><srccurr>No conocido</srccurr></srctime><srccitea>No conocido</srccitea><srccontr>SIAP, (2015), &apos;Spot 6: (c)CNES2014-2015. 2015, producida por el SIAP bajo licencia de SPOT IMAGINE&apos;, 0, Servicio de Informaci&#x00F3;n Agroalimentaria y Pesquera, Resoluci&#x00F3;n espacial de 10 metros (remuestreada)., </srccontr></srcinfo><srcinfo><srccite><citeinfo><origin>No conocido</origin><pubdate>00000000</pubdate><title>No conocido</title><geoform>No conocido</geoform></citeinfo></srccite><srcscale>9999999</srcscale><typesrc>Imagen de Sat&#x00E9;lite</typesrc><srctime><timeinfo><sngdate><caldate>00000000</caldate></sngdate></timeinfo><srccurr>No conocido</srccurr></srctime><srccitea>No conocido</srccitea><srccontr>BITS, (2015), &apos;Incluye material de (c) (2015) RapidEye S.A.R.L. todos los derechos reservados&apos;, 0, Bufete de Ingenier&#x00ED;a en Telecomunicaciones y Sistemas, Resoluci&#x00F3;n espacial de 10 metros (remuestreada)., </srccontr></srcinfo><srcinfo><srccite><citeinfo><origin>No conocido</origin><pubdate>00000000</pubdate><title>No conocido</title><geoform>No conocido</geoform></citeinfo></srccite><srcscale>50000</srcscale><typesrc>Digital</typesrc><srctime><timeinfo><sngdate><caldate>00000000</caldate></sngdate></timeinfo><srccurr>No conocido</srccurr></srctime><srccitea>No conocido</srccitea><srccontr>CONABIO, (2015/02/29), &apos;Uso del suelo y vegetaci&#x00F3;n de la zona costera asociada a los manglares en la Regi&#x00F3;n Pac&#x00ED;fico Norte en 2015.&apos;, Escala 1:50000. 1, Comisi&#x00F3;n Nacional para el Conocimiento y Uso de la Biodiversidad, http://www.conabio.gob.mx/informacion/gis/, Ciudad de M&#x00E9;xico, M&#x00E9;xico.</srccontr></srcinfo><srcinfo><srccite><citeinfo><origin>No conocido</origin><pubdate>00000000</pubdate><title>No conocido</title><geoform>No conocido</geoform></citeinfo></srccite><srcscale>50000</srcscale><typesrc>Digital</typesrc><srctime><timeinfo><sngdate><caldate>00000000</caldate></sngdate></timeinfo><srccurr>No conocido</srccurr></srctime><srccitea>No conocido</srccitea><srccontr>CONABIO, (2015/02/29), &apos;Uso del suelo y vegetaci&#x00F3;n de la zona costera asociada a los manglares en la Regi&#x00F3;n Pac&#x00ED;fico Centro en 2015.&apos;, Escala 1:50000. 1, Comisi&#x00F3;n Nacional para el Conocimiento y Uso de la Biodiversidad, http://www.conabio.gob.mx/informacion/gis/, Ciudad de M&#x00E9;xico, M&#x00E9;xico.</srccontr></srcinfo><srcinfo><srccite><citeinfo><origin>No conocido</origin><pubdate>00000000</pubdate><title>No conocido</title><geoform>No conocido</geoform></citeinfo></srccite><srcscale>50000</srcscale><typesrc>Digital</typesrc><srctime><timeinfo><sngdate><caldate>00000000</caldate></sngdate></timeinfo><srccurr>No conocido</srccurr></srctime><srccitea>No conocido</srccitea><srccontr>CONABIO, (2015/02/29), &apos;Uso del suelo y vegetaci&#x00F3;n de la zona costera asociada a los manglares en la Regi&#x00F3;n Pac&#x00ED;fico Sur en 2015.&apos;, Escala 1:50000. 1, Comisi&#x00F3;n Nacional para el Conocimiento y Uso de la Biodiversidad, http://www.conabio.gob.mx/informacion/gis/, Ciudad de M&#x00E9;xico, M&#x00E9;xico.</srccontr></srcinfo><srcinfo><srccite><citeinfo><origin>No conocido</origin><pubdate>00000000</pubdate><title>No conocido</title><geoform>No conocido</geoform></citeinfo></srccite><srcscale>50000</srcscale><typesrc>Digital</typesrc><srctime><timeinfo><sngdate><caldate>00000000</caldate></sngdate></timeinfo><srccurr>No conocido</srccurr></srctime><srccitea>No conocido</srccitea><srccontr>CONABIO, (2015/02/29), &apos;Uso del suelo y vegetaci&#x00F3;n de la zona costera asociada a los manglares en la Regi&#x00F3;n Golfo de M&#x00E9;xico en 2015.&apos;, Escala 1:50000. 1, Comisi&#x00F3;n Nacional para el Conocimiento y Uso de la Biodiversidad, http://www.conabio.gob.mx/informacion/gis/, Ciudad de M&#x00E9;xico, M&#x00E9;xico.</srccontr></srcinfo><srcinfo><srccite><citeinfo><origin>No conocido</origin><pubdate>00000000</pubdate><title>No conocido</title><geoform>No conocido</geoform></citeinfo></srccite><srcscale>50000</srcscale><typesrc>Digital</typesrc><srctime><timeinfo><sngdate><caldate>00000000</caldate></sngdate></timeinfo><srccurr>No conocido</srccurr></srctime><srccitea>No conocido</srccitea><srccontr>CONABIO, (2015/02/29), &apos;Uso del suelo y vegetaci&#x00F3;n de la zona costera asociada a los manglares en la Regi&#x00F3;n Pen&#x00ED;nsula de Yucat&#x00E1;n en 2015.&apos;, Escala 1:50000. 1, Comisi&#x00F3;n Nacional para el Conocimiento y Uso de la Biodiversidad, http://www.conabio.gob.mx/informacion/gis/, Ciudad de M&#x00E9;xico, M&#x00E9;xico.</srccontr></srcinfo><srcinfo><srccite><citeinfo><origin>No conocido</origin><pubdate>00000000</pubdate><title>No conocido</title><geoform>No conocido</geoform></citeinfo></srccite><srcscale>9999999</srcscale><typesrc>Imagen de Sat&#x00E9;lite</typesrc><srctime><timeinfo><sngdate><caldate>00000000</caldate></sngdate></timeinfo><srccurr>No conocido</srccurr></srctime><srccitea>No conocido</srccitea><srccontr>SIAP, (2015), &apos;Spot 7: (c)CNES2014-2015. 2015, producida por el SIAP bajo licencia de SPOT IMAGINE&apos;, 0, Servicio de Informaci&#x00F3;n Agroalimentaria y Pesquera, Resoluci&#x00F3;n espacial de 10 metros (remuestreada)., </srccontr></srcinfo><procstep><procdesc>1. Las im&#x00E1;genes SPOT fueron obtenidas a trav&#x00E9;s de gestiones interinstitucionales con las administradores de la antena Ermexs NG, el formato de entrega de estos archivos fue .tif. Se aplic&#x00F3; a cada una de las im&#x00E1;genes SPOT 5 una correcci&#x00F3;n geom&#x00E9;trica, la cual se realiz&#x00F3; en el programa Erdas Imagine utilizando en &apos;Set Geometric Model&apos; el modelo SPOT5 - Orbital Pushbroom con un algoritmo polinomial de segundo grado, mediante el empleo de ortofotos del INEGI y en caso de no tener cubrimiento se utilizaron im&#x00E1;genes Rapid Eye como insumo alterno, las im&#x00E1;genes fueron reproyectadas a UTM WGS84 Norte. Para la correcci&#x00F3;n radiom&#x00E9;trica se utiliz&#x00F3; un modelo automatizado. Las im&#x00E1;genes RapidEye se obtuvieron mediante un convenio con el Bufete de Ingenier&#x00ED;a en Telecomunicaciones y Sistemas. Las im&#x00E1;genes SPOT 6 y 7 vienen ortorrectificadas y s&#x00F3;lo se les aplic&#x00F3; una correcc&#x00ED;&#x00F3;n a reflectancia.    2. Utilizando como base el archivo raster generado para el a&#x00F1;o 2010, de usos del suelo y vegetaci&#x00F3;n de la zona costera asociada a los manglares de cada uno de los estados que conforman las cinco regiones: Regi&#x00F3;n Pac&#x00ED;fico Norte, Regi&#x00F3;n Pac&#x00ED;fico Centro, Regi&#x00F3;n Pac&#x00ED;fico Sur, Golfo de M&#x00E9;xico y Pen&#x00ED;nsula de Yucat&#x00E1;n, se realiz&#x00F3; una interpretaci&#x00F3;n visual, basado en el m&#x00E9;todo interdependiente, usando para la identificaci&#x00F3;n de los cambios las im&#x00E1;genes m&#x00E1;s recientes. Se editaron aquellos datos que no correspond&#x00ED;an a la clase asignada, para esto se usaron como auxiliares las herramientas &apos;Region Grow AOI&apos; y &apos;Recode&apos;. La clasificaci&#x00F3;n usada presenta 9 categor&#x00ED;as: 1 Desarrollo antr&#x00F3;pico; 2 Agr&#x00ED;cola-pecuario; 3 Otra vegetaci&#x00F3;n; 4 Sin vegetaci&#x00F3;n; 5 Manglar; 6 Manglar perturbado; 7 Otros humedales; 8 Cuerpos de agua; 9 Otros. La descripci&#x00F3;n de estas clases se puede consultar en http://www.biodiversidad.gob.mx/ecosistemas/manglares2013/pdf/InfGQ004.pdf. 3. Una vez concluida la actualizaci&#x00F3;n de los archivos raster de cada uno de los estados que conforman las cinco regiones, se corri&#x00F3; un proceso automatizado en Arc GIS, el cual ejecut&#x00F3; lo siguiente: Utilizando la herramienta Eliminate del programa ERDAS se eliminaron primero los pol&#x00ED;gonos menores a 0.25 hect&#x00E1;reas, luego los de 0.5 hect&#x00E1;reas, 0.75 hect&#x00E1;reas y finalmente los de 1 ha, para generar cartograf&#x00ED;a 1:50,000. Posteriormente en un modelo automatizado en el programa ArcGIS se transform&#x00F3; el archivo raster en formato de pol&#x00ED;gonos, despu&#x00E9;s se les asign&#x00F3; el nombre de cada una de las diferentes clases y finalmente se calcul&#x00F3; la superficie en hect&#x00E1;reas en proyecci&#x00F3;n C&#x00F3;nica Conforme de Lambert. 4. Posteriormente se procedi&#x00F3; a la uni&#x00F3;n de los mapas estatales en formato shapefile para generar los archivos regionales utilizando la herramienta &apos;Merge&apos; en ArcMap, enseguida se realiz&#x00F3; la uni&#x00F3;n de estos mapas regionales para conformar el mapa nacional y se revis&#x00F3; el archivo resultante para verificar las uniones entre las regiones y la correcta topolog&#x00ED;a del mismo. 5. Finalmente, a partir del mapa de usos del suelo y vegetaci&#x00F3;n de la zona costera asociada a los manglares de M&#x00E9;xico en 2015 se extrajo s&#x00F3;lo la cobertura de manglares para generar este mapa.</procdesc><procdate>00000000</procdate></procstep></lineage></dataqual><spdoinfo><direct>Vector</direct><ptvctinf><sdtsterm ><sdtstype>G-polygon</sdtstype><ptvctcnt>15086</ptvctcnt></sdtsterm></ptvctinf></spdoinfo><spref><horizsys><geograph><latres>0.0174532925199433</latres><longres>0.0174532925199433</longres><geogunit>Decimal degrees</geogunit></geograph><geodetic><horizdn>WGS84</horizdn><ellips>WGS84</ellips><semiaxis>6378137.000000</semiaxis><denflat>298.257224</denflat></geodetic></horizsys></spref><eainfo><detailed><enttyp><enttypl>MX_MAN15GW.DBF</enttypl><enttypd>Muestra la identidad de los pol&#x00ED;gonos de manglar mediante un n&#x00FA;mero y la superficie en hect&#x00E1;reas de cada uno, de las zonas costeras de M&#x00E9;xico en 2015.</enttypd><enttypds>No conocido</enttypds></enttyp><attr><attrlabl>Clase</attrlabl><attrdef>Num&#x00E9;rico</attrdef><attrdefs>Definici&#x00F3;n del productor</attrdefs><attrdomv><udom>Clave del tipo de vegetaci&#x00F3;n</udom></attrdomv></attr><attr><attrlabl>Descrip</attrlabl><attrdef>Car&#x00E1;cter</attrdef><attrdefs>Definici&#x00F3;n del productor</attrdefs><attrdomv><udom>Nombre del tipo de vegetaci&#x00F3;n</udom></attrdomv></attr><attr><attrlabl>Fecha</attrlabl><attrdef>Num&#x00E9;rico</attrdef><attrdefs>Definici&#x00F3;n del productor</attrdefs><attrdomv><udom>Muestra el a&#x00F1;o al que pertenece la informaci&#x00F3;n</udom></attrdomv></attr><attr><attrlabl>ha</attrlabl><attrdef>Num&#x00E9;rico</attrdef><attrdefs>Definici&#x00F3;n del productor</attrdefs><attrdomv><udom>Muestra la superficie de cada pol&#x00ED;gono</udom></attrdomv><attrvai><attrva>1</attrva><attrvae>Hect&#x00E1;reas</attrvae></attrvai></attr></detailed></eainfo><distinfo><distrib><cntinfo><cntorgp><cntorg>CONABIO</cntorg><cntper>Mar&#x00ED;a Isabel Cruz L&#x00F3;pez</cntper></cntorgp><cntpos>Coord. Percepci&#x00F3;n Remota</cntpos><cntaddr><addrtype>mailing and physical address</addrtype><address>Liga Perif&#x00E9;rico Insurgentes Sur Num. 4903 1er piso. Col. Parques del Pedregal. Delg. Tlalpan</address><city>Ciudad de M&#x00E9;xico</city><state>D.F.</state><postal>14010</postal><country>M&#x00E9;xico</country></cntaddr><cntvoice>50044946</cntvoice><cntfax>50044931</cntfax><cntemail>icruz@conabio.gob.mx</cntemail><hours>Lunes a Viernes de 8 a 18 hrs.</hours></cntinfo></distrib><resdesc>mx_man15gw</resdesc><distliab>La Subdirecci&#x00F3;n de Sistemas de Informaci&#x00F3;n Geogr&#x00E1;fica de la CONABIO solo se hace responsable de la informaci&#x00F3;n presentada en el mapa y se deslinda del uso que se le de a la misma.</distliab><stdorder><digform><digtinfo><formname>ESRI Shapefile (SHP)</formname><formverd>199807</formverd><filedec>compactado en ZIP</filedec><transize>85.2</transize></digtinfo><digtopt><onlinopt><computer><networka><networkr> http://www.conabio.gob.mx/informacion/gis/maps/geo/mx_man15gw.zip</networkr></networka></computer><accinstr>Coordenadas geogr&#x00E1;ficas WGS84. (EPSG:4326). Formato vectorial de almacenamiento de elementos geogr&#x00E1;ficos y sus atributos asociados. </accinstr></onlinopt><onlinopt><computer><networka><networkr> http://www.conabio.gob.mx/informacion/gis/maps/ccl/mx_man15gw_c.zip</networkr></networka></computer><accinstr>Proyecci&#x00F3;n C&#x00F3;nica Conforme de Lambert WGS84. (EPSG:48402). Formato vectorial de almacenamiento de elementos geogr&#x00E1;ficos y sus atributos asociados. </accinstr></onlinopt></digtopt></digform><digform><digtinfo><formname>Google Earth (KML)</formname><formvern>2.2</formvern><filedec>compactado como KMZ</filedec></digtinfo><digtopt><onlinopt><computer><networka><networkr> http://www.conabio.gob.mx/informacion/gis/maps/kmz/mx_man15gw.kmz</networkr></networka></computer><accinstr>Coordenadas geogr&#x00E1;ficas WGS84. (EPSG:4326). Los archivos KML representan datos geogr&#x00E1;ficos para Google Earth, a menudo suelen distribuirse comprimidos como KMZ.</accinstr></onlinopt></digtopt></digform><digform><digtinfo><formname>CNB.GEO.TMS</formname><formvern>1.0.0</formvern><formspec>PNG</formspec></digtinfo><digtopt><onlinopt><computer><networka><networkr>http://wms0.conabio.gob.mx/mx_man15gw.py/</networkr><networkr>http://wms1.conabio.gob.mx/mx_man15gw.py/</networkr><networkr>http://wms2.conabio.gob.mx/mx_man15gw.py/</networkr></networka></computer></onlinopt></digtopt></digform><digform><digtinfo><formname>Servicio de im&#x00E1;genes (WMS)</formname><formvern>1.1.1</formvern></digtinfo><digtopt><onlinopt><computer><networka><networkr>http://www.conabio.gob.mx/informacion/explorer/wms?Format=image/gif&amp;request=GetMap&amp;version=1.1.1&amp;width=800&amp;height=424&amp;srs=EPSG:4326&amp;bbox=-120.0,13.8,-85.1,33.5&amp;layers=mx_man15gw</networkr></networka></computer><accinstr>Coordenadas geogr&#x00E1;ficas WGS84. (EPSG:4326). Servicio Web Map Service. Los mapas de datos referenciados espacialmente producidos se generan normalmente en un formato de imagen como PNG, GIF o JPEG, pueden se vistos en un SIG </accinstr></onlinopt></digtopt></digform><digform><digtinfo><formname>Mapa digital interactivo</formname><formvern>1.0</formvern></digtinfo><digtopt><onlinopt><computer><networka><networkr>http://www.conabio.gob.mx/informacion/gis/?vns=gis_root/biodiv/monmang/mx_man15gw</networkr></networka></computer><accinstr>Coordenadas geogr&#x00E1;ficas WGS84. (EPSG:4326)</accinstr></onlinopt></digtopt></digform><fees>Acceso libre sin ning&#x00FA;n cargo al p&#x00FA;blico en general.</fees></stdorder><techpreq>Tener sistemas compatibles con archivos Shapefile, en caso que existan se pueden visualizar en Google Earth KML y/o conexi&#x00F3;n al servicio WMS.</techpreq></distinfo><metainfo><metd>20160330</metd><metc><cntinfo><cntorgp><cntorg>CONABIO</cntorg><cntper>Mar&#x00ED;a Teresa Rodriguez Zu&#x00F1;&#x00ED;ga</cntper></cntorgp><cntpos>Administrador de Metadatos</cntpos><cntaddr><addrtype>mailing and physical address</addrtype><address>Liga Perif&#x00E9;rico Insurgentes Sur Num. 4903 1er piso. Col. Parques del Pedregal. Delg. Tlalpan</address><city>Ciudad de M&#x00E9;xico</city><state>D.F.</state><postal>14010</postal><country>M&#x00E9;xico</country></cntaddr><cntvoice>01 55 5004 4987</cntvoice><cntfax>50044931</cntfax><cntemail>mrodrig@conabio.gob.mx</cntemail><hours>Lunes a Viernes de 8 a 18 hrs.</hours></cntinfo></metc><metstdn>FGDC Content Standards for Digital Geospatial Metadata, 1998</metstdn><metstdv>FGDC-STD-001-1998 version 2.0</metstdv></metainfo></metadata>